Handle,Title,Body (HTML),Vendor,Type,Tags,Published,Option1 Name,Option1 Value,Option2 Name,Option2 Value,Option3 Name,Option3 Value,Variant SKU,Variant Grams,Variant Inventory Tracker,Variant Inventory Qty,Variant Inventory Policy,Variant Fulfillment Service,Variant Price,Variant Compare At Price,Variant Requires Shipping,Variant Taxable,Variant Barcode,Image Src,Image Position,Image Alt Text,Gift Card,SEO Title,SEO Description,Google Shopping / Google Product Category,Google Shopping / Gender,Google Shopping / Age Group,Google Shopping / MPN,Google Shopping / AdWords Grouping,Google Shopping / AdWords Labels,Google Shopping / Condition,Google Shopping / Custom Product,Google Shopping / Custom Label 0,Google Shopping / Custom Label 1,Google Shopping / Custom Label 2,Google Shopping / Custom Label 3,Google Shopping / Custom Label 4,Variant Image,Variant Weight Unit,Variant Tax Code
classic-opener-keyring-wedding,Classic Bottle Opener Keyring,"<p>Having a bottle opener on a keyring is very practical and will allow your guests to think of you everytime they open an ice cold beer on a hot summers day in South Africa.  Our glossy chrome keyrings are of an exception quality.  Your male guests will definitely appreciate this practical and stylish keyring.</p>
<p>keyring  measures 8,3 x 2,8m and comes in a little black box. Engraving on this item is also available, the b<span>randing size: 3 x 1,5cm.</span><br><br>Contact us for engraving options on this keyring, personalising your s and making it a very special gift.</p>",Macma,Gift,"gift, guest, key, key holder, key ring, keyring, keyrings, keys, men, practical, sale, south africa, wedding",true,Engraved,No,,,,,9226007,39,shopify,10490,deny,manual,28.00,,true,true,"",https://cdn.shopify.com/s/files/1/1914/4329/products/Classic_bottle_opener_keyring.jpg?v=1491815507,1,Classic Bottle Opener Keyring,false,Classic Bottle Opener Keyring  for Men,Our glossy chrome keyrings are of an exception quality. Your male guests will definitely appreciate this practical and stylish keyring.,Arts & Entertainment > Party & Celebration > Party Supplies > Party Favors > Wedding Favors,,,,,,,,,,,,,,g,
classic-opener-keyring-wedding,,,,,,,,Yes,,,,,9226008,39,shopify,10490,deny,manual,54.00,,true,true,"",,,,,,,,,,,,,,,,,,,,,g,
hip-flask-wedding,Hip Flask,"<p>Decidedly different, yet timeless and traditional, this handsome, hip flask is an unforgettable <i>gift for any genteman! Quality brushed stainless steel means that this flask will see your male wedding guests through many</i> toasts to your health and happiness.</p>
Reminiscent of pocket hip flasks manufactured in the 1920's and 1930<span>'s</span>, this is the perfect gift for a vintage themed wedding. Whenever the invitation reads B.Y.O.B., they'l be proud to reach for these handsome, hip flasks! This stainless steel flask accommodates 237ml of his ite potation and measures 12.5 x 9.5 x 2cm.<b>Size:</b> 237ml .",Macma,Wine,"flask, gift, guest, men, practical, sale, vintage, wedding, wine",true,Title,Hip Flask,,,,,MWF01,130,shopify,969,continue,manual,59.00,72.00,true,true,,https://cdn.shopify.com/s/files/1/1914/4329/products/hip_flask.jpg?v=1491815505,1,Hip Flask  and gift for male wedding guests,false,Hip Flask  for Gentlemen,Hip Flask  for Gentlemen.,Arts & Entertainment > Party & Celebration > Party Supplies > Party Favors > Wedding Favors,,,,,,,,,,,,,,g,
home-sweet-home-keyring,Home Sweet Home Keyring,"<p>Newlyweds, starting a new life together with a new home and a new future. Your wedding guests will instantly fall in love with these adorable Home SweetHome keyring s. They truly are the perfect weddingtoken to say thank you.</p>
<p>Delightfully designed and completely irresistible, your wedding guests will think of your wedding day every time they turn their keys. Each  is made of <span>zinc alloy &amp; polished nickel plating</span> and is designed to look like an adorable little house. Simply slip your keys through the ring and start using it. Measures. 7cm x 3cm</p>
<p><span>Includes black presentation box</span></p>
<p>This practical keyring is the perfect gift for the gentlemen at your wedding.</p>
<p>Keys not included ;)</p>
<p>Please note: we do not offer engraving on this item.</p>",Amrod,Practical,"gift, guest, home, keyring, men, opener, practical, thank you, token, wedding",true,Title,Home sweet Home Keyring,,,,,MWF02,38,shopify,893,deny,manual,28.00,,true,true,,https://cdn.shopify.com/s/files/1/1914/4329/products/home_sweer_home_key_ring.jpg?v=1491815504,1,Home sweet Home Keyring,false,Home sweet Home Keyring  or Token for Guests,"Newlyweds, starting a new life together with a new home and a new future.",Arts & Entertainment > Party & Celebration > Party Supplies > Party Favors > Wedding Favors,,,,,,,,,,,,,https://cdn.shopify.com/s/files/1/1914/4329/products/home_sweer_home_key_ring.jpg?v=1491815504,g,
compact-mirror-wedding-gift,Luxury Compact Mirror with Black Stone detail,"<p>The most beautiful and perfect  for your female guests.  This elegant compact mirror with black stone detail is a practical  which is always handy to have close by.</p>
Packaged in a black gift box and a velour bag. measures 0,9 x  7cm",Macma,Practical,"bridal, gifts, guests, mirror, practical, s, token, wedding",true,Title,Default Title,,,,,BRB01,123,shopify,800,continue,manual,84.00,90.00,true,true,,https://cdn.shopify.com/s/files/1/1914/4329/products/luxury_make_up_mirror_with_a_black_decoration_stone.jpg?v=1491815503,1,Luxury Compact Mirror with Black Stone detail,false,Luxury Compact Mirror with Black Stone detail ,The perfect  for your female guests.,Arts & Entertainment > Party & Celebration > Party Supplies > Party Favors > Wedding Favors,,,,,,,,,,,,,,g,
fleece-blanket,Soft Plush Warm Coral Fleece Blanket s,"<p>These beautiful and soft fleece blankets are the perfect for a autumn or winter wedding. These s will keep your guests warm at your reception especially one that is outside.</p>
<p>Your guests will love these gifts and will be sure to remember your wedding when they use them all winter long.</p>
<p>Measures approximately<span> 152.4cm ( l ) x 127cm ( w )</span></p>
<p><span>Made from high quality plush micro coral fleece. </span></p>",Amrod,DIY,"african, blanket, fleece, gift, plush, traditional, warm, winter",false,Color,Grey,,,,,Grey,0,shopify,562,deny,manual,160.00,,true,true,,https://cdn.shopify.com/s/files/1/1914/4329/products/29e7dc42501b264f26935d82335ef3f9.jpg?v=1491815502,1,Warm fleece blanket,false,Fleece Blanket Traditional African ,"High quality warm fleece blankets, perfect to keep a child warm at night or to give as a traditional African .",Arts & Entertainment > Party & Celebration > Party Supplies > Party Favors > Wedding Favors,,,,,,,,,,,,,https://cdn.shopify.com/s/files/1/1914/4329/products/coral_fleece_grey_1.png?v=1491815502,kg,
fleece-blanket,,,,,,,,,,,,,,,,,,,,,,,,https://cdn.shopify.com/s/files/1/1914/4329/products/coral_fleece_grey_1.png?v=1491815502,2,,,,,,,,,,,,,,,,,,,,
soccerball-keyring-wedding,Practical Keyring with rotating soccer ball,"<p>This practical metal keyring with its rotating soccer ball is the perfect accessory for your wedding guests' house keys. It will bring a bit of sporty fun to your wedding and the men in particular will really enjoy this gift.</p>
<p>The soccer ball keyring measures 10 x 3,2cm and is presented in a black gift box with a velvet bed that the keyring rest in, truly an exquisite gift with an expensive look and feel.</p>",Macma,Practical,"gift, guests, keyring, men, practical, s, soccer, sporty, wedding",true,Title,Practical Keyring with rotating soccer ball,,,,,MCR03,0,shopify,1717,continue,manual,20.00,28.00,true,true,,https://cdn.shopify.com/s/files/1/1914/4329/products/key_ring_with_turning_soccer_ball.jpg?v=1491815499,1,Trendy Keyring with rotating soccer ball for Wedding Guests,false,Practical Keyring with rotating soccer ball s,This pracital metal keyring with its rotating soccer ball is the perfect gift for your wedding guests and the wonderful men's .,Arts & Entertainment > Party & Celebration > Party Supplies > Party Favors > Wedding Favors,,,,,,,,,,,,,,kg,
royal-flush-keyring,Playing Card Keyring,"<p>Our Royal Flush keyrings are perfect for your male guests. Be it for a Las Vegas bachelors or a poker themed wedding, these little s will be perfect.</p>
<p>Bring a little poker magic to your reception tables with this stunning keyring.</p>
<p>This practical  will remind your guests of their fun night with you every time they turn their keys.</p>
<p>The keyring is made from zinc alloy with a matt nickel plating and measures 5 ( l ) x 3.4 ( w ) x 0.4 ( h )cm</p>",Amrod,Practical,"keyring, men, poker, practical, vegas, wedding",false,Title,Playing Card Keyring,,,,,ANC01,0,shopify,52,deny,manual,20.00,28.00,true,true,,https://cdn.shopify.com/s/files/1/1914/4329/products/playing-card-keyringii.jpg?v=1491815497,1,Poker Keyring ,false,Playing Card Keyring ,Our Royal Flush keyrings are perfect for your male guests.,Arts & Entertainment > Party & Celebration > Party Supplies > Party Favors > Wedding Favors,,,,,,,,,,,,,,kg,
star-keyring,Wish Upon a Star Keyring s,"<p>This beautiful star keyring is perfect for a star themed wedding. Show your fiance how bright he/she makes your star shine with this practical .</p>
<p>Your guests will fondly think of your special day every time they turn a key and look at their gift./p&gt;</p>
<p>s come packaged in a black box and measures 5.1 ( l ) x 5.1 ( w ) x 0.7 ( h )cm</p>
<p> Please note: We do not offer engraving on this item.</p>",Amrod,Practical,"keyring, men, practical, star, wedding",true,Title,Wish Upon a Star Keyring,,,,,KH-7074,0,shopify,540,deny,manual,28.00,,true,true,,https://cdn.shopify.com/s/files/1/1914/4329/products/star_keyring.jpg?v=1491815496,1,Star Keyring Wedding Favor,false,Wish Upon a Star Practical Keyring s,This beautiful and practical star keyring is perfect for a star themed wedding and your guests will love their thank you gifts.,Arts & Entertainment > Party & Celebration > Party Supplies > Party Favors > Wedding Favors,,,,,,,,,,,,,,kg,
light-my-fire-lighter-wedding,Light my Fire Lighter,"<p>This practical windproof lighter s is made of brass with polished chrome plating and your guests will absolutely love it.  </p>
<p>Why not give your wedding guests a  that they can use when they take that much needed smoke break, or to light their braai just before a kuier with friends. </p>
<p>No matter the reason for using the lighter, the connotation will always be positive because it will remind them of your wonderful wedding day</p>
<p>The lighter is the perfect thank you gift for men</p>
<p>Great for a vintage themed event</p>
<p>The lighter can be filled with lighter fluid (not included)</p>
<p>Measuring 5.8 ( l ) x 4 ( w ) x 1cm ( h ) </p>
<div></div>",Amrod,Practical,"gift, guests, lighter, love, men, practical, s, thank you, themed, vintage, wedding, wedding guests",false,Title,Light my Fire Lighter,,,,,GIFT-9391,0,shopify,10,deny,manual,40.00,,true,true,,https://cdn.shopify.com/s/files/1/1914/4329/products/LIGHTER.jpg?v=1491815495,1,Fire lighter ,false,Light my Fire Lighter s,This windproof lighter  is made of brass with polished chrome plating and your guests will absolutely love it.,Arts & Entertainment > Party & Celebration > Party Supplies > Party Favors > Wedding Favors,,,,,,,,,,,,,,kg,
never-ending-love-keyring,You complete me - puzzle keyring - LAST STOCK,"<p>The puzzle shaped metal key ring is meant for the couple who complete each other.</p>
<p>This practical  is perfect for male and female guests alike.  It can be engraved, and for R5 extra we can add a personalized thank you tag onto the keyring for you. </p>
<p>The silver and black key ring measures 8,5 x 2,2 x 0,4cm and comes gift packed in a little black box.</p>
<p>Please note an MOQ of 50 keyrings is needed for engraving</p>
<p>On sale while stock lasts</p>",Macma,Practical,"gift, key ring, keyring, men, practical, sale, silver, wedding",false,Title,Default Title,,,,,ABA03,0,shopify,0,deny,manual,25.00,29.00,true,true,,https://cdn.shopify.com/s/files/1/1914/4329/products/you_complete_me_puzzle_keyring.jpg?v=1491815494,1,Puzzle keyring s,false,Never-ending Love Keyring Wedding Favor,The never-ending circle of a wedding band symbolizes eternal love by its lack of a beginning and an end.,Arts & Entertainment > Party & Celebration > Party Supplies > Party Favors > Wedding Favors,,,,,,,,,,,,,,kg,
handbag-hanger-with-black-stone-detail,Handbag hanger with black stone detail,"<p>This stainless steel handbag hanger  for the ladies €š¬œ keep your guests handbags safe &amp; clean with this fantastic .</p>
<p>A ite amongst ladies in the bridal party.</p>
<p>Includes a black gift box and a mini velour pouch.</p>
<p>Measurements: 0,9 x 4,2cm</p>",Macma,Practical,"bridal, bridal shower, gift, guest, handbag, ladies, metal, practical, purse, wedding",false,Title,Handbag hanger with black stone detail,,,,,,0,shopify,0,deny,manual,56.00,70.00,true,true,,https://cdn.shopify.com/s/files/1/1914/4329/products/handbag_holder_with_black_stone_detail_1.jpg?v=1491815492,1,Handbag Hanger ,false,Handbag hanger with black stone detail ,This stainless steel handbag hanger  for the ladies  keep your guests handbags safe clean with this fantastic .,Arts & Entertainment > Party & Celebration > Party Supplies > Party Favors > Wedding Favors,,,,,,,,,,,,,,kg,
smiley-keyring-wedding,Happy Hearts Smiley Keyring,"<p>Show your wedding guests how happy you are with these bright yellow smiley keyring s. Your guests will love this practical thank you gift and it will work fantastically in a summer themed wedding or as a quirky gift that will spread the smiles from guest to guest.</p>
The keyring measures 7.5 x 3.7 x 0.5cm and is packaged in a black gift box.",Macma,Practical,"gift, happy, key, key holder, key ring, key rings, keyring, keyrings, keys, ladies, practical, sale, smiley, summer, thank you, wedding, yellow",true,Title,No engraving - R24,,,,,98781,0,shopify,933,continue,manual,22.00,29.00,true,true,,https://cdn.shopify.com/s/files/1/1914/4329/products/Smiley_Keyring_740a157f-631f-4879-bf88-d18ed09341a6.jpg?v=1491815491,1,Happy Smiley Keyring ,false,Happy Hearts Smiley Keyring ,Show your wedding guests how happy you are with this bright yellow smiley keyring .,Arts & Entertainment > Party & Celebration > Party Supplies > Party Favors > Wedding Favors,,,,,,,,,,,,,,kg,
sunflower-eco-friendly-wedding-s,Sunflower Eco friendly s LAST STOCK,"<p>Our eco friendly and practical sunflower s are perfect for a warm South African wedding. </p>
<p>The s comprise out of a biodegradable bamboo fibre pot, 20g soil and a sunflower seed.  Even the gift box is made from recycled material adding to the eco friendly theme.  Your guests can take their thank you gifts home and see the sunflower seeds grow from love.</p>
<p>The biodegradable pot measures 6h x 6.4cm diameter an the recycled gift box measures 9.5 l x 9.5 w x 6.5cm h.</p>
<p> </p>
<p><span> On sale while stocks last!</span></p>",Amrod,Practical,"biodegradable, eco, friendly, gift, guest, practical, recycled, south africa, sunflower, thank you, wedding",false,Title,Sunflower,,,,,GIFT-9492,80,shopify,2,deny,manual,15.00,32.00,true,true,,https://cdn.shopify.com/s/files/1/1914/4329/products/Grown_Sunflower.jpg?v=1491815490,1,Ecofriendly sunflower seed s,false,Sunflower Eco friendly s ,Our eco friendly and practical sunflower s are perfect for a warm South African wedding.,Arts & Entertainment > Party & Celebration > Party Supplies > Party Favors > Wedding Favors,,,,,,,,,,,,,,kg,
charming-keyring-bag-charm-wedding-s,Charming Keyring/Bag Charm s,"<p>This charming keyring is a great gift for the ladies whether it be your s, bridal shower s or s at your morning kitchen tea.</p>
<ul>
<li><spanline-height: font-size:="""">Keyring or hand bag charm </spanline-height:></li>
<li><spanline-height: font-size:="""">Charms include hand bag, lips, shoe, lipstick and sunglasses</spanline-height:></li>
<li><spanline-height: font-size:="""">Carabineer hook</spanline-height:></li>
</ul>",Macma,Practical,"bacholorette, bridal, bridal shower, charming, charms, fashionable, gift, gifts, guest, guests, handbag, holder, key, key holder, key ring, keyring, keyrings, keys, kitchen tea, ladies, metal, new, practical, s, sale, shoe, thank, thank you, wedding",true,Title,Charming Keyring/Bag Charm s,,,,,9884007,43,shopify,198,continue,manual,57.00,65.00,true,true,,https://cdn.shopify.com/s/files/1/1914/4329/products/keyring.jpg?v=1491815488,1,Charming Keyring/Bag Charm s,false,Charming Keyring/Bag Charm s ,"This charming keyring is a great gift for the ladies whether it be your s, bridal shower s or s at your morning kitchen tea.",Arts & Entertainment > Party & Celebration > Party Supplies > Party Favors > Wedding Favors,,,,,,,,,,,,,,g,
trendy-key-ring-with-rotating-golf-ball,Practical key ring with rotating golf ball,"<p>This trendy and practical metal key ring with its rotating golf ball is the perfect accessory for your wedding guest's keys.</p>
<p>It will bring a bit of sporty fun to your wedding and the men in particular will really enjoy this gift.</p>
<p>This gift is presented in a sleek shiny black gift box.</p>
<p> measures 10 x 3,2cm</p>",Macma,Practical,"gift, golf, golf ball, keyring, men, metal, practical, sporty, wedding",false,Title,Practical key ring with rotating golf ball,,,,,TK12654,0,shopify,0,deny,manual,28.00,,true,true,,https://cdn.shopify.com/s/files/1/1914/4329/products/trendy_golf_keyring.jpg?v=1491815487,1,,false,A practical keyring with rotating golf ball,A practical keyring with rotating golf ball is a great  and men in particular will love their thank you gifts.,,,,,,,,,,,,,,,kg,
seo-tester,Seo Tester,"<p><header class=""entry-header"">
<h1 class=""entry-title"">55 Quick SEO Tips Even Your Mother Would Love</h1>
</header>
</p><div class=""entry-content"">Everyone loves a good tip, right? Here are 55 quick tips for search engine optimization that even your mother could use to get cooking. Well, not my mother, but you get my point. Most folks with some web design and beginner SEO knowledge should be able to take these to the bank without any problem.1. If you absolutely MUST use Java script drop down menus, image maps or image links, be sure to<strong>put text links somewhere on the page for the spiders to follow.</strong>2.<strong>Content is king,</strong>so be sure to have good, well-written, and unique content that will focus on your primary keyword or keyword phrase.3.<strong>If content is king, then links are queen.</strong>Build a network of quality backlinks. Remember, if there is no good, logical reason for asite to link to you, you don€š¬€ž¢t want the link.4.<strong>Don€š¬€ž¢t be obsessed with PageRank.</strong>It is just one isty bitsy part of the ranking algorithm. A site with lower PR can actually outrank one with a higher PR.5.<strong>Be sure you have a unique, keyword focused Title tag on every page of your site.</strong>And, if you MUST have the name of your company in it, put it at the end. Unless you are a household name, your business name will probably get few searches.</div>",Amrod,Practical,"",false,Title,Default Title,,,,,tester1,0,,1,deny,manual,100.00,,true,true,,,,,false,.,.,,,,,,,,,,,,,,,kg,
snowball-glass-ornament-photo-or-place-card-holder,Snowball Glass Ornament Photo/Place Card Holder,"<p><span>Drifting down like delicate bursts of white, winter's unique gift provides a lovely motif for gifts of the season. The Snow Flurry Holiday Ornament Place Card and Photo Holder is a snow-lover's delight inside and out, making it the perfect  for your winter wonderland wedding or holiday party.</span></p>
<p><span>More details:</span></p>
<ul>
<li>The outside of the clear, snow-globe ornament is adorned with white, flocked snowflakes</li>
<li>Inside the globe is drifting snow</li>
<li>Ornament measures 8.9cm high with place card </li>
<li>Without place card, ornament measures approximately 5cm high x 2.54cm </li>
<li>Includes matching place cards</li>
</ul>",Fanel,Practical,"snow, snowflake, wedding, winter, wonderland",false,Title,set of 6,,,,,KA27023NA,20,shopify,10,deny,manual,170.00,,true,false,,https://cdn.shopify.com/s/files/1/1914/4329/products/Snowball_Glass_Ornament_photo_or_place_card_holder.jpg?v=1491815486,1,Photo or place,false,,,,,,,,,,,,,,,,,kg,
hip-flask-keyring,Hip Flask keyring,Mischievous little s that will make your guests smile and have them excited to fill their mini hip flask keyrings with a shot of their ite tipple.<br><br>This very practical and handy stainless steel mini hip flask can be filled and takes 30ml of fluid.  The keyring has a loop so it can easily be attached to a belt.  This is a great little gadget that the men at the wedding will especially appreciate.  Also a great gift for guests at a milestone birthday party like a 21st or even a 50th.<br><br>Features and facts:<br>The flask has a screw top and is made from high quality stainless steel<br>Suitable for engraving<br>Holds 30ml of fluid<br>s measures 4 x 6.5 x 2cm<br><br>,Macma,Practical,"21st, flask, gift, guests, keyring, men, mini, practical, sale",true,Title,Hip Flask Key ring,,,,,6579907,39,shopify,452,continue,manual,45.00,52.00,true,true,,https://cdn.shopify.com/s/files/1/1914/4329/products/Hipflask_keyring.jpg?v=1491815484,1,Hip Flask keyring,false,,This mischievous little  is very practical and the handy stainless steel mini hip flask can be filled and takes 30ml of fluid.,,,,,,,,,,,,,,,g,
mens-leather-keyholder,Men's leather keyholder,"<p>The <span>new and </span>perfect key ring for men.</p>
<p>Leather and metal key ring ‚¬€œ supplied with a black gift box</p>
<p>Measuring 8,4cm x 3,2cm x 0,9cm</p>
<p> </p>
<p> </p>
<div class=""redcloth"">
<p> </p>
</div>",Amrod,Practical,"gift, key, key holder, keyring, men, new, practical",false,Title,Men's leather keyholder,,,,,MA97885,0,shopify,3,deny,manual,24.00,28.00,true,true,,https://cdn.shopify.com/s/files/1/1914/4329/products/leather-key-ring.jpg?v=1491815484,1,,false,,,,,,,,,,,,,,,,,kg,
love-rules-ruler-keyring,Love Rules Ruler Keyring,"<p>This new and practical 5cm metal ruler keychain has a shiny nickel finish and split ring.</p>
<p>It would make the perfect keyring .</p>
<p>Measures 6.3cm x 2.3cm x 0.3cm</p>",Kevro,Practical,"keychain, keyring, metal, new, practical, ruler",true,Title,Default Title,,,,,KV0050,0,shopify,517,deny,manual,28.00,,true,true,,https://cdn.shopify.com/s/files/1/1914/4329/products/ruler-keychain.jpg?v=1491815483,1,Love Rules Ruler Keyring,false,,Love rules ruler keyring is a practical  that adds a bit of fun to your table.  ,,,,,,,,,,,,,,,kg,
heart-shaped-leather-keyring,Heart shaped leather keyring,"<p>This beautiful new heart shaped leather keyring will make a welcome  at your love themed wedding.</p>
<p>Measuring 4.8cm x 5.1cm x 0.8cm</p>
<p>Available in white, red and pink</p>",Kevro,Practical,"heart, keyring, new, wedding",false,Title,White,,,,,KV0052,0,shopify,28,deny,manual,28.00,,true,true,,https://cdn.shopify.com/s/files/1/1914/4329/products/heart-shaped-leather-keyring---white.jpg?v=1491815481,1,,false,,,,,,,,,,,,,,,,https://cdn.shopify.com/s/files/1/1914/4329/products/heart-shaped-leather-keyring---white_grande_fbe15d21-4618-4d7f-b15a-3c2244481fbe.jpg?v=1491815481,kg,
heart-shaped-leather-keyring,,,,,,,,,,,,,,,,,,,,,,,,https://cdn.shopify.com/s/files/1/1914/4329/products/heart-shaped-leather-keyring---white_grande_fbe15d21-4618-4d7f-b15a-3c2244481fbe.jpg?v=1491815481,2,,,,,,,,,,,,,,,,,,,,
heart-shaped-keyring,Heart shaped keyring,"<p>This beautiful new heart shaped leather keyring will make a welcome  at your love themed wedding.</p>
<p>Measuring 4.8cm x 5.1cm x 0.8cm</p>
<p>Available in white, red and pink</p>",Kevro,Practical,"heart, heart shaped, keyring, love, new, red",false,Title,Default Title,,,,,KV0052,0,shopify,3,deny,manual,28.00,,true,true,,https://cdn.shopify.com/s/files/1/1914/4329/products/heart-shaped-leather-keyring---red_5c1d13f0-a415-4bed-9017-ec45937bfeaf.jpg?v=1491815479,1,Heart shaped keyring,false,,This beautiful new heart shaped leather keyring will make a welcome  at your love themed wedding.,,,,,,,,,,,,,,,kg,
heart-shaped-keyring-1,Heart shaped keyring,"<h2>This beautiful new heart shaped leather keyring will make a welcome  at your love themed wedding.</h2>
<br>
<p>Measuring 4.8cm x 5.1cm x 0.8cm<br><br>Available in white, red and pink</p>",Kevro,Practical,"heart shaped, keyring, new",false,Title,Default Title,,,,,KV0052P,0,shopify,2,deny,manual,28.00,,true,true,,https://cdn.shopify.com/s/files/1/1914/4329/products/heart-shaped-leather-keyring---pink_c85b66e9-f9fa-4985-ae8c-818df4547b12.jpg?v=1491815478,1,,false,,,,,,,,,,,,,,,,,kg,
light-of-my-life-torch-keyring,Light of my life Torch Keyring,"<p>These adorable torch keyrings are perfect for the load shedding in South Africa and will remind your wedding guests how you light each others lives up with love, support and patience.  Give your guests practical s that they will use every day!  </p>
<p>The aluminium 6 LED torch with a carabineer hook measures 6 x 2.5cm and can be engraved. Supplied with batteries, simply remove the sticker at the back of the battery and start shinning some light.</p>",Macma,Practical,"fire, keyring, light, load shedding, new, practical, s, sale, south africa, torch, wedding",false,Color,Black Coal,,,,,80236,0,shopify,0,deny,manual,28.00,35.00,true,true,,https://cdn.shopify.com/s/files/1/1914/4329/products/Light_of_my_life_all.jpg?v=1491815478,1,,false,,The aluminium 6 LED torch with a carabineer hook is a practical gift that will keep your guests safe in the dark.,,,,,,,,,,,,,,,kg,
gem-torch-keyrings,Light of Love Torch Keyrings,"<p>Perfect load shedding s that will make all your guests from South Africa laugh.  This is also a very practical and stylish gift that will keep your guests save while walking to their cars at night. These brightly coloured 3 LED torch keyrings with gem stones are great as gifts for you female guests.  The s measures 11cm and can be engraved upon request.</p>
<p> </p>
<p>The shimmery diamante design is playful and adds an element of glamour to your s</p>",Macma,Practical,"bright, gems, guests, key, keyholder, keyring, keyrings, keys, ladies, load shedding, new, Practical, s, sale, south africa, torch, wedding",true,Color,Pink,,,,,88485,0,shopify,1140,continue,manual,60.00,,true,true,,https://cdn.shopify.com/s/files/1/1914/4329/products/Light_of_love_torches.jpg?v=1491815476,1,Light of love glam torch,false,,These brightly coloured 3 LED torch keyrings with gem stones are great as gifts for you female guests. Great to keep your guests safe at night,,,,,,,,,,,,,,https://cdn.shopify.com/s/files/1/1914/4329/products/Light_of_love_torch_Pink.jpg?v=1491815476,kg,
gem-torch-keyrings,,,,,,,,,,,,,,,,,,,,,,,,https://cdn.shopify.com/s/files/1/1914/4329/products/Light_of_love_torch_Pink.jpg?v=1491815476,2,,,,,,,,,,,,,,,,,,,,
whimsical-lear-hip-flask,Whimsical clear hip flask,"<p>Give your male guests s that they will absolutely love!! Our clear metal and plastic hip flasks holds 125ml fluid and measures 6.9 x 2.5 x 11.5cm, great for a warm summer wedding in South Africa.  We can also engrave on it at your request.  Please contact us for a quote on engraving.</p>",Macma,Practical,"flask, guests, men, practical, s, south africa, summer, wedding",false,Title,Default Title,,,,,6293766,0,shopify,0,deny,manual,45.00,60.00,true,true,,https://cdn.shopify.com/s/files/1/1914/4329/products/Transparent_and_metal_Flask.jpg?v=1491815473,1,Clear flask s,false,,,,,,,,,,,,,,,,,kg,
mini-fan-s,Mini USB Fan s,When load shedding hit the first thing that goes off is the aircon and in South Africa with it's hot summer that is a problem.  Why not give your wedding guests these practical little s as a gift?  They work with a USB port and can simply be plugged into a laptop or computer.<br><br>The fan fits perfectly on your desk and has a colourful plastic body with a cable that works with your USB port,Kevro,Practical,"fan, gift, guests, load shedding, new, practical, s, south africa, thank you, usb, wedding",true,Color,Clear,,,,,BE0033,0,shopify,124,deny,manual,65.00,,true,true,,https://cdn.shopify.com/s/files/1/1914/4329/products/Blue_desk_fan.png?v=1491815471,1,Desktop USB Fan s,false,,"Mini USB Fan s, perfect for South Africa's hot summers.  Fan fits perfectly on a desk, and has a colourful body",,,,,,,,,,,,,,https://cdn.shopify.com/s/files/1/1914/4329/products/White_desk_fan.png?v=1491815471,kg,
mini-fan-s,,,,,,,,,,,,,,,,,,,,,,,,https://cdn.shopify.com/s/files/1/1914/4329/products/White_desk_fan.png?v=1491815471,2,,,,,,,,,,,,,,,,,,,,
power-bank-wedding-s,Power bank s,"<span>Practical s, perfect for South Africa's load shedding.  These adorable little power banks serves as a battery backup that will keep your guests mobile devices charged up when they need it the most.  Have the a personal note engraved on the power bank, to remind your guests of your wedding day.  Please e-mail us at info@simplys.co.za for more details and costs of engraving.<br><br>The 2,200 mAh internal battery has enough life to fully charge an iPhone, giving you about 8 hours of additional talk time. The 5V/1A USB output means that it charges at the same rate of most wall chargers. Includes a USB to Micro USB connecting cable which can recharge the battery backup or be used to charge up devices with a Micro USB input like Android Smartphones from Samsung, Motorola, HTC, Nokia, and others. Includes a drawstring pouch for easy transportation and keeping your cables and charger together</span><br><br><span>Aluminium power bank measures </span><span>9.5 ( l ) x 2.2 ( w ) x 2.2cm ( h ) lithium ion battery</span><br><span><br>Safety features: over voltage, over current, over load &amp; short circuit protection</span>",Macma,Practical,"gifts guests, guests, load shedding, men, power bank, practical, s, south africa, thank you, wedding",true,Color,Black,,,,,43029,500,shopify,0,deny,manual,110.00,,true,true,,https://cdn.shopify.com/s/files/1/1914/4329/products/Power_bank.jpg?v=1491815469,1,Power bank s,false,,"Practical s, perfect for South Africa's electricity cuts.  The power banks serves as a battery backup",,,,,,,,,,,,,,https://cdn.shopify.com/s/files/1/1914/4329/products/Black_Power_bank.jpg?v=1491815469,kg,
power-bank-wedding-s,,,,,,,,,,,,,,,,,,,,,,,,https://cdn.shopify.com/s/files/1/1914/4329/products/Black_Power_bank.jpg?v=1491815469,2,,,,,,,,,,,,,,,,,,,,
suitcase-travel-tags,Suitcase travel tags,"<p>These colourful suitcase travel tags are perfect thank you gifts for any event where you are celebrating travelling or planning to see the world, be it a 21st, a cruise ship or overseas wedding or a 60th birthday celebrating your ability to finally retire and see the world!</p>
<p>The suitcase travel tags measures 5,5 x 9,5 x 0,4cm and can be personalised with a message of your choice.  Contact us for a quote on personalisation at <a href=""info@simplys.co.za"" title=""E-mail us for a personalisation quote"">info@simplys.co.za</a>.</p>",Macma,Practical,"21st, 60th, birthday, blue, colourful, cruise ship wedding, gifts, green, guests, lime, luggage, orange, pink, purple, red, s, suitcase, tag, thank you, travel, turquoise, wedding, white, yellow",true,Color,White,,,,,6791804,120,shopify,1931,deny,manual,13.50,,true,true,,https://cdn.shopify.com/s/files/1/1914/4329/products/Suitecase_travel_Tag.jpg?v=1491815465,1,Colourful suitcase travel tag gifts,false,,Colourful suitcase travel tags are perfect thank you gifts avid travellers.  Can be personalised with a message of your choice.,,,,,,,,,,,,,,https://cdn.shopify.com/s/files/1/1914/4329/products/Suitecase_travel_Tag_White.jpg?v=1491815465,kg,
suitcase-travel-tags,,,,,,,,,,,,,,,,,,,,,,,,https://cdn.shopify.com/s/files/1/1914/4329/products/Suitecase_travel_Tag_White.jpg?v=1491815465,2,,,,,,,,,,,,,,,,,,,,
orange-and-lemon-candles,Oranges & Lemons Candles in Silver Pails (Set of 2 candles),"<p>Oranges and lemons! This set of two candles, one with a lemon fragrance and the other orange, are the perfect s for a rustic autumn or winter wedding. These also make great decor pieces. We can Personalise the little pails for you with a message of your choice.</p>
<p>Pails measure 13cm x 11cm </p>
<p><br>Contact us at info@simplys.co.za for a quote on personalization</p>",Macma,Practical,"autumn, candle, gift, guest, guests, lemon, metal, orange, pail, practical, s, sale, thank you, wedding, winter",true,Title,Default Title,,,,,8460607,150,shopify,402,continue,manual,45.00,55.00,true,true,,https://cdn.shopify.com/s/files/1/1914/4329/products/bucket-candle.jpg?v=1491815463,1,Oranges & Lemons Candles in Silver Pails,false,,"This set of two candles, one with a lemon fragrance and the other orange, are the perfect s for a rustic autumn or winter wedding. ",,,,,,,,,,,,,,,kg,
luxurious-soft-white-bathrobe-and-bath-set,Luxurious soft white bathrobe and bath set,"<p><span>Spoil that special someone with a wellness gift set which includes a delicately perfumed shower gel, body lotion, hand cream, a shower sponge and a luxurious soft white bathrobe to use when you jump out of the bath.</span></p>
<p><span>Great pamper gifts to give to the mom-to-be or bride-to-be or mother of the bride or bridal party at the bridal shower or at a pamper party. </span></p>
<p><span>Presented in a beautiful gift box with a ribbon.</span></p>",Macma,Pamper,"bath, bathrobe, bridal shower, gifts, gown, pamper, shower",true,Title,Default Title,,,,,BTR052,1700,shopify,51,continue,manual,550.00,800.00,true,true,,https://cdn.shopify.com/s/files/1/1914/4329/products/Bath_set_with_bathrobe.jpg?v=1491815461,1,Soft white bath robe,false,,"Wellness gift set with a delicately perfumed shower gel, body lotion, hand cream, a shower sponge and a luxurious soft white bathrobe",,,,,,,,,,,,,,https://cdn.shopify.com/s/files/1/1914/4329/products/Bath_set_with_bathrobe.jpg?v=1491815461,kg,
laughter-can-koozie,Can Cooler or Koozie - To have and to hold and to keep your beer cold,"<p>These new can coolers or koozies are a great way of bringing some humour and fun into your wedding. Give your guests a can cooler or koozie as a  and they will love and use them for many years after your wedding at a braai or even at the rugby, they read - To have and to hold and to keep your beer cold. Made from neoprene.</p>",Kevro,Practical,"beer, can, cold, cooler, guests, koozie, laughter, love, neoprene, practical, to have and to hold, wedding",false,Colour,Light Blue,,,,,BH0001,0,shopify,4,deny,manual,28.00,,true,true,,https://cdn.shopify.com/s/files/1/1914/4329/products/can-cooler-template--LIGHT-BLUE.jpg?v=1491815460,1,Can cooler or koozie,false,,Can cooler or koozies are practical and adds fun to your wedding or party. To have and to hold and to keep your beer cold. Made from neoprene.,,,,,,,,,,,,,,,kg,
nerdy-geek-retro-glasses,Nerdy Geek Retro Glasses,"<p><span>Join the fashion revolution.. </span><span>Nerdy </span><span>g</span><span>eek </span><span>r</span><span>etro sunglasses for men and women in a variety of trendy colours, UV 400 certified.  Perfect for a warm summer wedding in South Africa.  The retro glasses creates a great photo opportunity!</span></p>
<p>Measuring approximately 14,5cm x 14,5cm x 5cm</p>
<div class=""redcloth"">
<p>Variety of trendy colours including; black, white, blue, green, orange, red, yellow, pink and purple</p>
</div>",Macma,Practical,"black, blue, fashion, geek, green, men, nerdy, orange, pink, purple, red, retro, south africa, summer, sunglasses, white, women, yellow",true,Title,WHITE,,,,,NGR806,0,shopify,0,continue,manual,29.00,,true,true,,https://cdn.shopify.com/s/files/1/1914/4329/products/nerdy_geek_retro_sunglasses.jpg?v=1491815459,1,Retro sunglass s,false,Nerdy Geek Retro Sunglasses,"Nerdy retro sunglasses for men and women in a variety of trendy colours, UV 400 certified.  Perfect for a warm summer wedding in South Africa. ",,,,,,,,,,,,,,,kg,
metal-clip-money-holder,Metal Clip Money Holder,"<p><span>This mens classic metal clip money holder will be well received by all your male guests.</span></p>
<p><span>Stylish and retro it makes a statement.</span></p>
<p>Product size 6cm x 2,5cm x 1,2cm </p>
<p>Laser Engraving available - print area size 4 x 1,5cm (POR)</p>
<div class=""redcloth"">
<p> </p>
</div>",Macma,Practical,"male, men, metal, money, money clip, money holder, retro, stylish",false,Title,Default Title,,,,,MMC999,13,shopify,0,continue,manual,35.00,,true,true,,https://cdn.shopify.com/s/files/1/1914/4329/products/money_clip_1.jpg?v=1491815458,1,,false,,,,,,,,,,,,,,,,,g,
leather-luggage-tag,Leather Luggage tag,"<p>These stylish leather luggage tags are great s for destination weddings or as a practical gift, the metal plaque allows for easy identification.  We can even brand the luggage tags for you at an extra costs.  Excellent thank you gift for both men and women who loves to travel</p>",Macma,"","destination wedding, leather, luggage, men, practical, stylish, tag, travel",true,Title,Default Title,,,,,69055,0,shopify,36,continue,manual,38.00,,true,true,,https://cdn.shopify.com/s/files/1/1914/4329/products/Leather_travel_tag.jpg?v=1491815457,1,Stylish leather luggage tag s,false,,"These stylish leather luggage tags are great s for destination weddings or as a practical gift, the metal plaque allows for easy identification",,,,,,,,,,,,,,,kg,
smiling-heart-charm-keyring,Charmed Hearts Keyring,"<p>This adorable keyring with four Smiling Heart Charms will charm all your guests! </p>
<p>The charms are of a high quality and your guests will smile every time they use their practical thank you gifts.</p>
<p><span>Metal keyring with 4 smiling heart charms and a metal plaque for engraving. </span></p>
<p><span>Engraving </span>at an extra cost. </p>
<p><br><span>Size: 9 x 3,5</span> cm</p>",Macma,Practical,"bridal shower, heart, hearts, key, key holder, keyring, keyrings, keys, ladies, practical, smiley, smiling heart",true,Charmed hearts keyring - R32,No engraving - R32,,,,,92121,28,shopify,3094,continue,manual,32.00,,true,true,,https://cdn.shopify.com/s/files/1/1914/4329/products/Smiling_heart_Keyring.jpg?v=1491815456,1,Smiling Heart Charm keyring s,false,,"Adorable metal keyring with four Smiling Heart Charms. Can be personalised with engraving, great practical gift.",,,,,,,,,,,,,,,g,
metal-handbag-hook,Metal Handbag Hook,"<p>This metal Handbag Hook is a great practical  that your lady guests will adore.  </p>
<p>The handbag hook is made from metal and is of high quality.  Have a personal message engraved on the circle for an additional cost.  Excellent gift if you want to give your guests something practical with a personal message from you.</p>",Macma,"","handbag, handbag hanger, hanger, metal, practical",true,Title,Default Title,,,,,78659,0,shopify,606,continue,manual,32.00,,true,true,,https://cdn.shopify.com/s/files/1/1914/4329/products/Metal_Handbag_holder.jpg?v=1491815453,1,Metal handbag hanger,false,,This metal Handbag Hook is a great practical .  Have a personal message engraved on the circle for an additional cost.,,,,,,,,,,,,,,,kg,
white-mint-tin-sugar-free-mints-included-personalizable,White Mint Tin - sugar free mints included - personalizable,"<p>White metal mint tin with sugar free mints make a fantastic  for any occasion.</p>
<p>Add a personal touch by opting to Personalise these mint tins to make your guests experience just a little more memorable.</p>
<p><span>Measuring 8cm ( l ) x 3.5cm ( w ) x 1.1cm ( h )</span></p>",Amrod,Practical,"mint, personalize, sugar free mints, tin, white",true,Title,Mint tin with Personalized Sticker,,,,,MT002S,29,shopify,223,deny,manual,30.00,,true,true,,https://cdn.shopify.com/s/files/1/1914/4329/products/mint_tin.jpg?v=1491815452,1,Mint tins with mints,false,,These new white metal mint tin with sugar free mints can be personalised with a sticker in your colours and per your theme,,,,,,,,,,,,,,https://cdn.shopify.com/s/files/1/1914/4329/products/personalized_mint_tin_4.jpg?v=1491815452,g,
white-mint-tin-sugar-free-mints-included-personalizable,,,,,,,,,,,,,,,,,,,,,,,,https://cdn.shopify.com/s/files/1/1914/4329/products/personalized_mint_tin_4.jpg?v=1491815452,2,,,,,,,,,,,,,,,,,,,,
personalized-mint-tin-mints-included,Personalised Mint Tin - mints included,"<p>These new white metal mint tin with sugar free mints make a fantastic  for any occasion.</p>
<p>Add a personal touch by personalizing your mint tin with a sticker and make your guests experience just a little more memorable.</p>
<p>Our graphic artist will put together a design to suit your theme and colours and we will make sure to get your approval before we go ahead and send to print.</p>
<p>Please allow for up to 4 weeks for delivery of Personalised items.</p>
<p><span>Measuring 8cm ( l ) x 3.5cm ( w ) x 1.1cm ( h )</span></p>",Amrod,Practical,"mint, mint tin, mints, new, personalized, sugar free mints, white",true,Title,Default Title,,,,,MT002S,29,shopify,253,deny,manual,30.00,,true,true,,https://cdn.shopify.com/s/files/1/1914/4329/products/personalized-mint-tins_59227fdc-e14c-4d03-97de-6b98c28273c1.jpg?v=1491815449,1,personalised mint tin,false,,These new white metal mint tin with sugar free mints is personalised with a sticker in your colours and per your theme,,,,,,,,,,,,,,,g,
organza-bags-cream,Organza bags - cream,"<p><span>Organza bags can be filled with either sweets or s for the ladies.</span></p>
<p><span>Wedding organza bags are a traditional ite and can be filled with what ever you like.</span></p>
<p><span>These simple but effective bags can hold a variety of chosen items as a picture perfect presentation for your s.</span></p>
<p>Cream organza bags</p>
<p>Bags measure 15.7cm x 8.6cm</p>
<p> </p>",Elegance Novelties,DIY,"bag, bags, cream, organza, organza bags, s",true,Title,Default Title,,,,,OB001C,1,shopify,1000,deny,manual,4.50,,true,true,,https://cdn.shopify.com/s/files/1/1914/4329/products/cream-organza-bag-1.jpg?v=1491815448,1,Organza bags cream,false,Cream organza gift bag,"Cream organza gift bags are part of our ""Do it yourself"" range and can be filled with a small gift or sweets and is very affordable",,,,,,,,,,,,,,,g,
organza-bags-silver,Organza bags - Silver,"<p><span>Organza bags can be filled with either sweets or s for the ladies.</span></p>
<p><span>Wedding organza bags are a traditional ite and can be filled with what ever you like.</span></p>
<p><span>These simple but effective bags can hold a variety of chosen items as a picture perfect presentation for your s.</span></p>
<p>Silver organza bags</p>
<p>Bags measure 15.7cm x 8.6cm</p>",Elegance Novelties,DIY,"bag, bags, organza, organza bag, organza bags, silver",true,Title,Default Title,,,,,OB002S,1,shopify,970,deny,manual,4.50,,true,true,,https://cdn.shopify.com/s/files/1/1914/4329/products/silver-organza-bag-1.jpg?v=1491815446,1,Organza bags silver,false,Silver organza gift bag,"Silver organza gift bags are part of our ""Do it yourself"" range and can be filled with a small gift or sweets and is very affordable",,,,,,,,,,,,,,,g,
organza-bag-white,Organza bag - White,"<p><span>Organza bags can be filled with either sweets or s for the ladies.</span></p>
<p><span>Wedding organza bags are a traditional ite and can be filled with what ever you like.</span></p>
<p><span>These simple but effective bags can hold a variety of chosen items as a picture perfect presentation for your s.</span></p>
<p>White organza bags</p>
<p>Bags measure 15.7cm x 8.6cm</p>",Elegance Novelties,DIY,"bag, bags, organza, organza bag, organza bags, white",true,Title,Default Title,,,,,OB003W,1,shopify,870,deny,manual,4.50,,true,true,,https://cdn.shopify.com/s/files/1/1914/4329/products/white-organza-bags_7de2ff4d-dd70-4dbe-967c-0cbe4126b912.jpg?v=1491815446,1,Organza bags white,false,White organza gift bag,"White organza gift bags are part of our ""Do it yourself"" range and can be filled with a small gift or sweets and is very affordable",,,,,,,,,,,,,,,g,
organza-bags-gold,Organza bags - Gold,"<p><span>Organza bags can be filled with either sweets or s for the ladies.</span></p>
<p><span>Wedding organza bags are a traditional ite and can be filled with what ever you like.</span></p>
<p><span>These simple but effective bags can hold a variety of chosen items as a picture perfect presentation for your s.</span></p>
<p>Gold organza bags</p>
<p>Bags measure 15.7cm x 8.6cm</p>",Elegance Novelties,DIY,"bag, bags, gold, organza, organza bag, organza bags",true,Title,Default Title,,,,,OB004G,1,shopify,750,deny,manual,4.50,,true,true,,https://cdn.shopify.com/s/files/1/1914/4329/products/gold-organza-bag-a_b1045e59-157b-4e18-9b66-37419220e1c6.jpg?v=1491815445,1,Organza bags gold,false,Golden organza gift bag,"Golden organza gift bags are part of our ""Do it yourself"" range and can be filled with a small gift or sweets and is very affordable",,,,,,,,,,,,,,,g,
lucky-in-love-four-leaf-clover-keyring,Lucky in Love Four Leaf Clover Keyring,"<p><span>A best friend, just like the person of your dreams is like a four leaf clover, hard to find and lucky to have! </span></p>
<p><span>Wish your guests the same luck with this lucky in love four leaf clover metal keyring .</span></p>
<p><br><span>Item size: 7,8 x 4,5 x 0,2 cm</span></p>",Macma,Practical,"four leaf clover, key, keyring, love, luck, lucky, metal, ring",true,Options,Engraved,,,,,92997,0,shopify,973,continue,manual,37.00,,true,true,,https://cdn.shopify.com/s/files/1/1914/4329/products/lucky_in_love.jpg?v=1491815441,1,Lucky clover keyring,false,,Lucky in love four leaf clover metal keyring  is a practical gift with a whimsical reference to how lucky you are to have each other.,,,,,,,,,,,,,,,kg,
the-original-love-bug-vw-beetle-bug-shaped-wedding-keyring,The Original Love Bug - VW beetle bug shaped  keyring,"<p><span>These adorable Love Bug Beetle Keyring holders are perfect for a couple who loves their car as much as they do each other or have nicknamed each other love bug.</span></p>
<p><span>The Original Love Bug keyring will make the perfect vintage or nostalgic at your wedding or event!</span></p>
<p><span>Car shaped metal keyring</span><br><span>Size: 7 x 5,1 x 0,2 cm<br><br>Keyring can be engraved, artwork set up is an additional R270 and engraving on each keyring R7.</span></p>",Macma,Gift,"car, car shaped, key, keyring, love, love bug, metal, modern, vintage",true,Title,Default Title,,,,,LBK04,0,shopify,1743,continue,manual,24.00,,true,true,"",https://cdn.shopify.com/s/files/1/1914/4329/products/The_original_love_bug_key_ring.jpg?v=1491815439,1,Love bug beetle keyring,false,,The Original Love Bug  keyring will make the perfect vintage or nostalgic  at your wedding or event and is practical,,,,,,,,,,,,,,,kg,
sweet-home-love-nest-keyring,Sweet Home - Love Nest -  Keyring,"<p>Newly married couples, starting a their lives together with a new home and a new future. Your wedding guests will instantly fall in love with these adorable Sweet Home Love Nest keyring s. They truly are the perfect wedding token to say thank you.</p>
<p>Delightfully designed and completely irresistible, your wedding guests will think of your wedding day every time they turn their keys.  Simply slip your keys through the ring and start using it. </p>
<p>These make for great house warming party s too!</p>
<p>Keys not included ;)</p>
<p><span>House shaped metal keyring </span>size: 7,6 x 4,8 x 0,2 cm</p>",Macma,Practical,"home, house, key, keyring, love nest, metal, ring, s",true,Title,Default Title,,,,,HK03,34,shopify,252,continue,manual,26.00,32.00,true,true,,https://cdn.shopify.com/s/files/1/1914/4329/products/home_sweet_home_keyring.jpg?v=1491815438,1,Love Nest -  Keyring,false,,Sweet home love nest  keyrings symbolising the beginning of your lifes together. Perfect as s or housewarming parties.,,,,,,,,,,,,,,,g,
around-the-world-keyring,Around the World Keyring,"<p>Give your guests this beautiful travel-inspired keyring as a !</p>
<p>This keyring has the world map on the reverse side and can be engraved.</p>
<p>It is made from zinc alloy and has a shiny nickel finish, and features a rotating disc as well as a split ring.</p>
<p><strong>Personalised engraving can be done on this keyring at an additional cost - please enquire.</strong></p>
<p> </p>
<p><span> </span></p>",Kevro,Practical,"atlas, engraved, key, key ring, keyring, map, rotating, travel, wedding, world map",true,Title,Default Title,,,,,KAW023,0,shopify,53,deny,manual,30.00,35.00,true,true,,https://cdn.shopify.com/s/files/1/1914/4329/products/Around_the_world_keyring_2.png?v=1491815436,1,Around the World Keyring,false,,Our travel inspired 'Around the world' keyring is great practical gift. The world map is on the one side and the reverse can be engraved.,,,,,,,,,,,,,,,kg,
fluffy-fleece-blanket,Fluffy Fleece Blanket,"<p>Fluffy Fleece blankets that includes a handy carry pouch with drawstring.</p>
<p>Ideal for cold winter weddings and winter nights to keep your guests warm and enjoying your celebration for longer.</p>
<p>These can be reused by your guests as a picnic blanket or even soft warm sofa blanket.</p>
<p>The blanket measures 150cm  x 120cm </p>
<p>All blankets are sold in a black drawstring pouch that can be personalised (printing).</p>
<p>Please note - this item can be Personalised with printing on both the pouch and the blanket.  Artwork set up is R390 and then personalisation per item is R12.<br><br>Should you wish to Personalise your items please contact us for more details<br><br></p>",Amrod,Practical,"blanket, blankets, blue, cold, fleece, green, grey, navy blue, orange, personalize, personalized, red, soft grey, warm, winter",false,Color,green,,,,,Amrod - GIFT-9444,0,shopify,1068,deny,manual,99.00,,true,true,,https://cdn.shopify.com/s/files/1/1914/4329/products/blankets-winter-wedding-favors.png?v=1491815433,1,Fluffy Fleece Blanket ,false,,Fluffy Fleece blankets that includes a handy carry pouch with drawstring. Ideal for cold winter weddings and winter nights to keep your guests warm.,,,,,,,,,,,,,,https://cdn.shopify.com/s/files/1/1914/4329/products/Cuddle_blanket_Green.jpg?v=1491815433,kg,
fluffy-fleece-blanket,,,,,,,,,,,,,,,,,,,,,,,,https://cdn.shopify.com/s/files/1/1914/4329/products/Cuddle_blanket_Green.jpg?v=1491815433,2,,,,,,,,,,,,,,,,,,,,
rectangle-metal-key-ring,Rectangle Metal keyring,"<p><span>Our new rectangular metal keyring. A perfect gift for the men at your wedding or if you want to say something personal to your guests - a ite quote or just plain and simply thank you!</span></p>
<p><br><span>Measures: 8,3 x 2,8 x 0,2 cm</span></p>
<p><span>Please note - this item can be Personalised by being engraved. <br>Should you wish to Personalise or engrave please contact us for more details.</span></p>",Macma,Practical,"engrave, engraved, key, key ring, men, metal, new, personal, personalize, personalized, quote, rectangular, ring",false,Title,Default Title,,,,,,20,shopify,62,continue,manual,20.00,,true,true,,https://cdn.shopify.com/s/files/1/1914/4329/products/rectangular_keyring.jpg?v=1491815429,1,Rectangle Metal keyring,false,,Our new rectangular metal keyring. A perfect gift for the men at your wedding or if you want to say something personal to your guests,,,,,,,,,,,,,,,g,
flat-bottle-opener-key-ring,Flat Bottle Opener keyring,"<p><span>New metal bottle opener keyring. A perfect gift for the men at your wedding - say something personal to your guests - a ite quote or just say thank you!</span></p>
<p><span>Measures: 10,5 x 3 x 0,2 cm</span></p>
<p><span style=""line-height: 1.4;"">Please note - this item can be Personalised by being engraved. </span></p>
<p>Should you wish to Personalise or engrave please contact us for more details.</p>
<p> </p>
<p><br><br></p>",Macma,Practical,"bottle opener, engrave, engraved, gift, key, key ring, men, metal, new, opener, personalize, personalized, ring",true,Title,Default Title,,,,,,34,shopify,20,continue,manual,22.00,,true,true,,https://cdn.shopify.com/s/files/1/1914/4329/products/flat_bottle_opener_keyring.jpg?v=1491815426,1,Flat Bottle Opener keyring,false,,New metal bottle opener keyring. A perfect gift for the men at your wedding - say something personal to your guests,,,,,,,,,,,,,,,g,
bottle-shaped-multi-tool-key-ring,Bottle Shaped Multi Tool Keyring,"<p>Our new bottle shaped multi tool keyring in an aluminium casing is the perfect  for men at your wedding!</p>
<p>Multi Tool includes:</p>
<p>Knife, Corkscrew, Bottle opener or flat head screwdriver, Nail file/ awl and split ring</p>
<p> Measures 10.5  2.6 x 0.9cm </p>",Kevro,Practical,"bottle, bottle opener, corkscrew, keyring, knife, men, multi tool, nail file, new, opener, screwdriver",true,Color,blue,,,,,,0,shopify,6,deny,manual,28.00,,true,true,,https://cdn.shopify.com/s/files/1/1914/4329/products/red_2.png?v=1491815425,1,Bottle Shaped Multi Tool Keyring,false,,"Practical multi tool keyring in aluminium casing. Inludes knife, Corkscrew, Bottle opener or flat head screwdriver, Nail file/ awl and split ring",,,,,,,,,,,,,,https://cdn.shopify.com/s/files/1/1914/4329/products/blue_red_and_silver.png?v=1491815425,kg,
bottle-shaped-multi-tool-key-ring,,,,,,,,,,,,,,,,,,,,,,,,https://cdn.shopify.com/s/files/1/1914/4329/products/blue_red_and_silver.png?v=1491815425,2,,,,,,,,,,,,,,,,,,,,
medium-sized-jute-gift-bags,Medium sized Jute Gift Bags,"<p><span>The perfect eco friendly medium sized gift bag!</span><br><span>Made from natural jute material. </span></p>
<p><span>Open compartment that ties up with natural cording.</span><br><span>Unlaminated Jute</span></p>
<p>Perfect for the bridal party spa themed parties, kitchen teas, bridal showers, birthdays and many many more!</p>
<p><br><span>Measures: 17cm (w) x 5cm (d) x 13cm (h)</span></p>",Amrod,DIY,"bag, bridal, eco, eco friendly, gift bag, jute, medium, natural, spa",true,Title,Default Title,,,,,A-JGB01,10,shopify,998,deny,manual,22.00,25.00,true,false,,https://cdn.shopify.com/s/files/1/1914/4329/products/jute-gift-bag.jpg?v=1491815421,1,,false,,,,,,,,,,,,,,,,,g,
metal-handbag-hanger-with-mirror,Metal Handbag Hanger with Mirror,"<p><span>NEW metal handbag hanger  with a small fold up mirror. Comes packed in a small black gift box. Surprise those special guests with something unique and beautiful!</span></p>
<p><span>Engraving available on this item. POA</span></p>
<p><span>Measures: 4.6 x 1.4cm</span></p>",Macma,Practical,"handbag hanger, metal, mirror, unique",true,Title,Default Title,,,,,,0,shopify,100,deny,manual,70.00,100.00,true,true,,https://cdn.shopify.com/s/files/1/1914/4329/products/Handbag_hook_with_mirror_2.jpg?v=1491815419,1,,false,,,,,,,,,,,,,,,,,kg,
love-and-light-torch-s,Love and Light torch s,"<p>Our Love and Light torch s are practical and stylish and will come in very handy when the lights go out.</p>
<p>This gift is great for both men and ladies and is sure to provide them with that extra security when South Africa's infamous load shedding is implemented. This 9 LED metal torch with loop is sold in a black box and measures 8.8 x2.5 cm.<br><br>The torches can also be engraved and has a branding space of <span>3 x 1cm.  Engraving has a lead time of 3 weeks, and the artwork will be sent to you for approval prior to being finalised to ensure absolute customer satisfaction.</span><br><br>Note: Batteries not included</p>",Macma,Practical,"men, practical, torch",true,Colour,Black,,,,,81904,0,shopify,2055,deny,manual,36.00,,true,true,,https://cdn.shopify.com/s/files/1/1914/4329/products/Love_and_light_all.jpg?v=1491815417,1,Practical torch s,false,,,,,,,,,,,,,,,,https://cdn.shopify.com/s/files/1/1914/4329/products/Love_and_light_Black.jpg?v=1491815417,kg,
love-and-light-torch-s,,,,,,,,,,,,,,,,,,,,,,,,https://cdn.shopify.com/s/files/1/1914/4329/products/Love_and_light_Black.jpg?v=1491815417,2,,,,,,,,,,,,,,,,,,,,
little-piggy-bank,Little Piggy Bank,"<p><span>Looking for something for the kiddies at your wedding? This little transparent piggy bank is the perfect gift . What better way to inspire children to save!</span></p>
<p><span>Re-usable - removable plate underneath item.</span><br><span>Measures approximately 12.6cm x 10 x 10.1</span></p>",Macma,Practical,"children, gift, kiddies, piggy bank, save",true,Color,Red,,,,,,0,shopify,46,deny,manual,30.00,,true,true,,https://cdn.shopify.com/s/files/1/1914/4329/products/little_transparent_piggy_bank_1_1.jpg?v=1491815414,1,,false,,,,,,,,,,,,,,,,,kg,
miniature-beech-wood-cheese-or-serving-board,Miniature Beech Wood Cheese or Serving Board,"<p><span>These rustic miniature beech wood are perfect at a rustic, farm style or Mediterranean themed wedding. Delight your guests with this practical and useful . Your guests can use this gift as cheese, serving boards or even chopping boards for years to come.</span></p>
<p><br><span>Measures apprximately 23cm x 15cm x 1.7cm thick</span></p>
<p>CAN BE ENGRAVED! POA</p>",Macma,Practical,"beech wood, boards, farm style, gift, guests, mediterranean, miniature, practical, rustic, wood",true,Title,Default Title,,,,,,0,shopify,200,deny,manual,70.00,,true,true,,https://cdn.shopify.com/s/files/1/1914/4329/products/beech_cheese_board.jpg?v=1491815413,1,,false,,,,,,,,,,,,,,,,,kg,
spa-rty-pedicure-kit,Spa-rty Pedicure kit,"<p><span>Did someone say SPA-RTY! Having a spa themed bridal shower or pamper party? These miniature pedicure kits are the perfect gift  for the girls!</span></p>
<p><span>Pedicure set consisting of a brush, nail file, foot file and toe separator in a pvc case. </span></p>
<p><span>Measures approximately 17.3 x 6.3 x 4.8cm</span></p>",Macma,Pamper,"bridal shower, gift, pamper, pedicure, spa",true,Title,Default Title,,,,,,0,shopify,150,deny,manual,26.00,,true,true,,https://cdn.shopify.com/s/files/1/1914/4329/products/sparty.jpg?v=1491815412,1,,false,,,,,,,,,,,,,,,,,kg,
soft-and-fleecy-cream-bathrobe,Soft and Fleecy Cream Bathrobe,"<p><span>Spoil that special someone with this soft cream bath robe to use when they are getting ready for their big day or special occasion.</span></p>
<p><span>Great pamper gifts to give to the mom-to-be or bride-to-be or mother of the bride or bridal party at the bridal shower or at a pamper party. </span></p>
<span>Soft polar fleece dressing gown/bathrobe.</span><br><span>Item size: 47 x 35 x 10 cm</span>",Macma,Pamper,"bath, bathrobe, bridal shower, cream, pamper, pamper party, robe",true,Title,Default Title,,,,,,1200,shopify,50,deny,manual,490.00,750.00,true,true,,https://cdn.shopify.com/s/files/1/1914/4329/products/fleece_bath_robe.jpg?v=1491815411,1,,false,,,,,,,,,,,,,,,,,kg,
gold-and-wood-key-ring-last-stock,Metal and Wood Key ring - LAST STOCK,"<p><span>On sale now! This stylish metal and wood key ring  in gold can be engraved, great  gift for men.</span></p>
<p><span>Metal and wood combination key ring.</span><br><span>Item size: 7.7 x 3.2cm</span></p>",Macma,Practical,"gold, key, key ring, key rings, keyring, metal, sale, wood",true,Title,Default Title,,,,,,0,shopify,90,deny,manual,18.00,30.00,true,true,,https://cdn.shopify.com/s/files/1/1914/4329/products/gold_and_wood_ii.jpg?v=1491815404,1,,false,,,,,,,,,,,,,,,,,kg,
